{"root":[{"assemblyName":"Assembly-CSharp","nameSpace":"FishNet.Serializing.Generated","className":"GeneratedComparers___Internal","methodName":"InitializeOnce","loadTypes":0,"isUnityClass":false},{"assemblyName":"Assembly-CSharp","nameSpace":"FishNet.Serializing.Generated","className":"GeneratedWriters___Internal","methodName":"InitializeOnce","loadTypes":0,"isUnityClass":false},{"assemblyName":"Assembly-CSharp","nameSpace":"FishNet.Serializing.Generated","className":"GeneratedReaders___Internal","methodName":"InitializeOnce","loadTypes":0,"isUnityClass":false},{"assemblyName":"FishNet.Runtime","nameSpace":"FishNet.Serializing.Generated","className":"GeneratedComparers___Internal","methodName":"InitializeOnce","loadTypes":0,"isUnityClass":false},{"assemblyName":"FishNet.Runtime","nameSpace":"FishNet.Serializing.Generated","className":"GeneratedWriters___Internal","methodName":"InitializeOnce","loadTypes":0,"isUnityClass":false},{"assemblyName":"FishNet.Runtime","nameSpace":"FishNet.Serializing.Generated","className":"GeneratedReaders___Internal","methodName":"InitializeOnce","loadTypes":0,"isUnityClass":false},{"assemblyName":"FishNet.Demos","nameSpace":"FishNet.Serializing.Generated","className":"GeneratedComparers___Internal","methodName":"InitializeOnce","loadTypes":0,"isUnityClass":false},{"assemblyName":"FishNet.Demos","nameSpace":"FishNet.Serializing.Generated","className":"GeneratedWriters___Internal","methodName":"InitializeOnce","loadTypes":0,"isUnityClass":false},{"assemblyName":"FishNet.Demos","nameSpace":"FishNet.Serializing.Generated","className":"GeneratedReaders___Internal","methodName":"InitializeOnce","loadTypes":0,"isUnityClass":false}]}
